label,x0,x1,x2,x3,x4,x5,x6,x7,x8,x9,x10,x11,x12,x13,x14,x15,x16,x17,x18,x19,x20,y0,y1,y2,y3,y4,y5,y6,y7,y8,y9,y10,y11,y12,y13,y14,y15,y16,y17,y18,y19,y20
right_click,0.144009784,0.188057125,0.219167337,0.218096361,0.183051556,0.171974421,0.179482013,0.17716679,0.170989081,0.146292984,0.152114421,0.164390653,0.170119986,0.122910053,0.138241619,0.154117584,0.155445337,0.101374552,0.125087738,0.138906479,0.139866099,0.966995955,0.941158891,0.868162453,0.801099896,0.773167312,0.81486994,0.770077407,0.769228995,0.769269228,0.813732326,0.754157126,0.758388638,0.760331154,0.822161674,0.780261338,0.827143729,0.862672925,0.83642441,0.803640425,0.837506771,0.867635429
right_click,0.197644889,0.233754694,0.261799902,0.264855623,0.246859103,0.245990992,0.263870955,0.274481118,0.281983912,0.222572997,0.243221149,0.257014841,0.271568298,0.196645409,0.228654176,0.237790823,0.244188517,0.174836263,0.213463873,0.230517596,0.240148678,0.996262193,0.961856961,0.893446326,0.832643032,0.79605329,0.850086272,0.78844595,0.771476746,0.758259535,0.838725209,0.756053209,0.703147888,0.661555648,0.83880794,0.793946683,0.848862112,0.897753537,0.849228024,0.816397369,0.853989124,0.893793523
right_click,0.244320095,0.295625448,0.341021329,0.343510598,0.304997265,0.308117479,0.326750219,0.317662179,0.304391772,0.2750265,0.279700488,0.282103628,0.281762391,0.239714667,0.258572608,0.280603141,0.290906996,0.210002258,0.241948217,0.267502666,0.276992291,1.012583613,0.991514802,0.911364257,0.837553799,0.808204174,0.838925183,0.773237526,0.807806134,0.837248027,0.825559676,0.72270298,0.663472891,0.612166941,0.834825695,0.777118921,0.852421045,0.905073225,0.856360495,0.816095114,0.869566619,0.912161827
right_click,0.238954231,0.293665469,0.323853493,0.311401784,0.271692991,0.288478881,0.29927209,0.299925953,0.298834175,0.255974829,0.255832672,0.259732604,0.26165548,0.225941852,0.241914943,0.261065274,0.267332852,0.20000869,0.231318712,0.254639238,0.263946712,0.986803055,0.950474799,0.869189203,0.795670152,0.759857833,0.807281673,0.730224311,0.757960737,0.796755016,0.800177991,0.696661353,0.635380507,0.584644198,0.811543524,0.748852968,0.808662355,0.861055076,0.834151268,0.785583913,0.828390956,0.871704638
right_click,0.182842076,0.242704138,0.278253734,0.278596967,0.237412959,0.23613061,0.250460029,0.241666824,0.226043522,0.205730543,0.210718855,0.216041535,0.218281791,0.177150905,0.198546916,0.207697824,0.20555234,0.152514875,0.180404246,0.191267788,0.189978898,0.980990946,0.933333457,0.842713475,0.759843171,0.745428205,0.797484994,0.740158677,0.781724036,0.819661379,0.788550019,0.696686745,0.64310956,0.594481111,0.79624176,0.743568659,0.804258108,0.850702286,0.814732075,0.776172519,0.822063148,0.8594715
right_click,0.162196249,0.224110559,0.260196686,0.263703287,0.223318011,0.216113448,0.230555773,0.227398157,0.218251467,0.184675872,0.191222489,0.195239142,0.196013168,0.156061366,0.178687364,0.190636039,0.191374511,0.130598605,0.160536364,0.172662243,0.172753885,0.991513491,0.949296117,0.867857158,0.787740648,0.768389463,0.820180535,0.759059727,0.794464588,0.832198203,0.812402368,0.713897943,0.654351413,0.605868638,0.820180535,0.760939479,0.817417502,0.865311623,0.84016937,0.797275901,0.84127903,0.881657481
right_click,0.152770996,0.210343957,0.242328376,0.243849635,0.207984269,0.20018445,0.210732788,0.206010893,0.195888668,0.171785802,0.176867098,0.184388533,0.188463792,0.144220397,0.163685232,0.179215297,0.18202807,0.119022027,0.14611125,0.158891439,0.159113973,0.990455508,0.94792521,0.872227788,0.800512373,0.773633122,0.818567216,0.764673293,0.789773703,0.821153522,0.812188625,0.716163397,0.65864265,0.614913464,0.822853267,0.761263728,0.817659914,0.866903186,0.847959876,0.806727052,0.849781275,0.888873398
right_click,0.148124456,0.20876953,0.241189748,0.237497091,0.196620226,0.200416073,0.211526901,0.209985778,0.205069259,0.16999273,0.172419906,0.176986873,0.178878382,0.141142845,0.156359464,0.171345904,0.174419239,0.113410912,0.1391498,0.155619577,0.158705816,0.99148649,0.954221725,0.874156594,0.801918924,0.781939387,0.820636928,0.762013316,0.787393808,0.81907928,0.814795792,0.723070502,0.668124557,0.621241212,0.826388836,0.771054506,0.826637328,0.871380508,0.850682437,0.810373366,0.853391171,0.89161849
right_click,0.180795625,0.248536021,0.302630842,0.299931228,0.257511318,0.255779535,0.27269128,0.274305701,0.270255417,0.219639286,0.230054185,0.242137343,0.252673119,0.182842344,0.209052622,0.221473739,0.224678874,0.147294968,0.18592602,0.199177563,0.201942801,0.954107165,0.92197752,0.838294029,0.752902031,0.727049053,0.75967288,0.691199422,0.70661658,0.733878553,0.747162223,0.658982515,0.613351405,0.575350285,0.753536344,0.675316572,0.747995377,0.80837667,0.778559864,0.733812273,0.792516887,0.846379459
right_click,0.183566093,0.229347408,0.240229607,0.245510519,0.249439165,0.145559371,0.189049616,0.212709114,0.228245005,0.139045373,0.19477208,0.223770231,0.237486258,0.149961084,0.237689778,0.258075327,0.25504455,0.175373331,0.248000741,0.251951814,0.238529325,0.967444718,0.891118109,0.822431505,0.771662235,0.740601182,0.758126915,0.67213583,0.612874866,0.5631001,0.762239277,0.67225796,0.636974573,0.607130647,0.774371266,0.720876575,0.76634109,0.802434802,0.791921854,0.786120176,0.82160908,0.848016977
right_click,0.181610256,0.218478069,0.23047778,0.241924375,0.248356283,0.137159958,0.182628512,0.207789183,0.222901404,0.131012827,0.213584945,0.244151354,0.244085938,0.146025032,0.235079557,0.249252498,0.235256806,0.172432497,0.24874638,0.252288193,0.235467613,0.980096161,0.909893215,0.839004338,0.785791457,0.753783166,0.779019237,0.683333635,0.623060584,0.573432565,0.778701723,0.72179234,0.759502649,0.787740648,0.786013961,0.751888931,0.801794529,0.830103993,0.797410369,0.795965075,0.837242305,0.857552648
right_click,0.171844393,0.215039402,0.238755584,0.239646837,0.216083437,0.163130254,0.172036484,0.18219021,0.190171421,0.137370676,0.181969762,0.223004788,0.242459163,0.120860063,0.181071639,0.205433965,0.204307258,0.114881821,0.186256021,0.197960764,0.185920388,1.027075052,0.982769072,0.905244827,0.845331013,0.818325937,0.827907443,0.735780597,0.676730216,0.629091501,0.830821872,0.771668077,0.79411602,0.825114965,0.840416968,0.79394871,0.849098265,0.894894302,0.856286764,0.844524443,0.894450128,0.933498979
right_click,0.167870373,0.213389963,0.240707159,0.248865664,0.230167881,0.173099965,0.206771344,0.23364526,0.245576203,0.148467541,0.172233582,0.195336208,0.209757179,0.129439592,0.189118594,0.207606152,0.207048342,0.126627907,0.1906427,0.200677291,0.19241637,1.029044986,0.978749573,0.909266651,0.853754759,0.833175302,0.841107965,0.795603096,0.796295524,0.813242793,0.830679119,0.736809731,0.673364401,0.628457069,0.835321128,0.788002908,0.843258917,0.891148746,0.852742612,0.83624965,0.882063746,0.919934154
right_click,0.168991834,0.124513179,0.118199103,0.153995678,0.189753532,0.108442977,0.149781421,0.163471431,0.165182635,0.154763669,0.18075493,0.188217908,0.196462333,0.196834415,0.21329245,0.204415619,0.195989907,0.23137629,0.229115129,0.22019726,0.219863206,0.974317551,0.90589267,0.84131062,0.790257752,0.775005698,0.785505116,0.735565305,0.756067812,0.779662311,0.789106846,0.690012217,0.628140569,0.583340168,0.801222026,0.748597085,0.770529807,0.800394416,0.823206604,0.801385999,0.820246398,0.837897718
right_click,0.179274231,0.134413481,0.125569955,0.157759666,0.191295013,0.117125437,0.157737091,0.174382523,0.176428169,0.159814581,0.188000157,0.198250771,0.205915362,0.200710252,0.218179241,0.213356167,0.207618907,0.236656904,0.236795962,0.228321031,0.226997554,0.990902483,0.931451738,0.858930469,0.806949615,0.795123875,0.805113971,0.755189657,0.780389965,0.808450103,0.803495526,0.70638448,0.64700377,0.601556897,0.813413799,0.766546667,0.792085409,0.821546972,0.833058715,0.811535776,0.835905313,0.85648948
right_click,0.179048643,0.134916753,0.129468232,0.165768981,0.202607825,0.115735978,0.158153892,0.175149068,0.178967506,0.158478186,0.186788589,0.196359351,0.20543994,0.19932434,0.216806993,0.210094795,0.203531846,0.233954236,0.232441768,0.223553956,0.222689718,0.992221713,0.931875825,0.858986616,0.811636209,0.798767686,0.814298928,0.760819972,0.786064982,0.811788142,0.812726438,0.713503659,0.654064596,0.606820047,0.821438074,0.772882879,0.801552773,0.831977069,0.838768303,0.819559336,0.844448984,0.862302303
right_click,0.15711464,0.117360957,0.108708702,0.139540255,0.171808049,0.097563304,0.139951169,0.156399027,0.158931017,0.141321465,0.170263752,0.17950289,0.187716186,0.181964144,0.198350519,0.193855882,0.187867954,0.217269182,0.216093153,0.209223449,0.208168775,0.998072803,0.938335776,0.873967052,0.82446593,0.811205447,0.820273697,0.770004511,0.792939067,0.82033813,0.816636622,0.718532085,0.661736667,0.619707286,0.825768709,0.77394253,0.799766541,0.829834461,0.847525239,0.827085495,0.84843111,0.866382539
right_click,0.214843109,0.255340189,0.260767281,0.259415865,0.260325193,0.170523882,0.207009405,0.228842467,0.247416526,0.158415064,0.233675763,0.275976896,0.299035043,0.162602454,0.246822119,0.265362054,0.264476091,0.179227352,0.25067836,0.261663318,0.255933404,1.020382404,0.955501914,0.894493043,0.850989938,0.815870583,0.826020718,0.740667582,0.689126015,0.646962762,0.830955446,0.779257357,0.804734945,0.837017655,0.841370165,0.810734689,0.861411273,0.90290457,0.855919361,0.841064751,0.87526536,0.901322067
right_click,0.19540599,0.24334982,0.263004631,0.26595521,0.250100255,0.182699353,0.199667335,0.218264461,0.232986987,0.158630207,0.217524648,0.258150756,0.274259239,0.148557097,0.220254883,0.244272053,0.241003111,0.152038753,0.226519331,0.235720262,0.221370131,1.012622595,0.960960031,0.889430642,0.837567985,0.810974777,0.814614415,0.734336078,0.675679684,0.631782353,0.813756168,0.765410244,0.788564801,0.817628622,0.825059593,0.79394573,0.847411513,0.887929678,0.844348073,0.844343781,0.89036876,0.92096585
right_click,0.200185999,0.242039397,0.261026859,0.262571365,0.248384625,0.174309015,0.190879419,0.20848532,0.222060546,0.148916617,0.212128043,0.252666861,0.266515732,0.140475094,0.211385563,0.230647042,0.224083394,0.145668924,0.218330592,0.228607059,0.215873063,1.025862813,0.977611303,0.907026052,0.856969655,0.826526403,0.831209421,0.74480319,0.685669899,0.641350269,0.836183608,0.787456989,0.816938818,0.848861337,0.850084543,0.819611788,0.874676585,0.913842797,0.871180296,0.868689895,0.913870394,0.943271875
right_click,0.018919684,0.09877301,0.178465366,0.197730154,0.17434451,0.153220758,0.179429978,0.146085232,0.114106193,0.098586254,0.134452716,0.149915457,0.167025506,0.041490305,0.070318483,0.070896059,0.069699161,-0.015184589,0.017226271,0.030833706,0.035620756,0.93691361,0.939789653,0.858156681,0.772623718,0.697925746,0.727510214,0.644234002,0.692124784,0.751600802,0.696729362,0.549652696,0.449670494,0.366280407,0.702289045,0.635145783,0.729706049,0.804649532,0.732214332,0.699968219,0.788517594,0.855808556
right_click,-0.006347373,0.074044488,0.143019736,0.142277762,0.117182672,0.115323998,0.128421143,0.098948345,0.073360294,0.058789156,0.081850864,0.104287297,0.124200866,0.001677558,0.008297116,0.022269987,0.032844737,-0.053158253,-0.036693141,-0.018326879,-0.00704103,0.938551724,0.921826005,0.840340793,0.753639817,0.690834165,0.694700122,0.622878313,0.685709119,0.748839915,0.672420263,0.533712506,0.438989758,0.358947307,0.682348609,0.635451138,0.73342514,0.810106575,0.714621544,0.687036157,0.765752137,0.829914927
right_click,0.021816097,0.112342343,0.187765598,0.199367478,0.168107688,0.150229111,0.175831869,0.152949214,0.128964305,0.095511653,0.129082918,0.149926722,0.168762654,0.03967898,0.067712724,0.077158876,0.080451116,-0.013140053,0.024640664,0.041353814,0.045407288,0.949005544,0.93425566,0.842400193,0.756595254,0.695371509,0.707917333,0.620205164,0.677633226,0.735836625,0.686962366,0.540138841,0.447516292,0.364221931,0.698094726,0.624956191,0.729756474,0.808832645,0.731296062,0.697452486,0.78461355,0.850261688
right_click,0.455005348,0.527510524,0.615327537,0.661180496,0.650543272,0.638144314,0.697184026,0.743812323,0.783006668,0.604800403,0.686147928,0.745324016,0.784193695,0.563233137,0.644232929,0.615677595,0.579554677,0.520510614,0.584467769,0.564134717,0.533026695,1.018291235,1.043190837,1.018352032,0.963174582,0.90108639,0.848437965,0.763507187,0.700730026,0.649357319,0.804130137,0.728022575,0.696923733,0.669571698,0.778384209,0.797531962,0.890716732,0.943139851,0.777980804,0.847858012,0.920995593,0.956009805
right_click,0.325282991,0.399483889,0.480225503,0.502825677,0.460502505,0.440003276,0.482554376,0.474048495,0.454605043,0.405771643,0.453791469,0.484464854,0.508575976,0.369289219,0.418458313,0.405245632,0.388665468,0.330076307,0.381446779,0.376944423,0.366327077,0.782737613,0.800361574,0.738672078,0.653045654,0.606976569,0.626144886,0.573793709,0.613994896,0.65395695,0.594318092,0.495007992,0.430143267,0.372601658,0.584440887,0.551839113,0.634481132,0.693882763,0.58842808,0.59047395,0.662627101,0.711456656
right_click,0.100459598,0.176299751,0.224132597,0.230541781,0.186205134,0.192093059,0.212542355,0.199626818,0.181523457,0.157563433,0.172996566,0.183582276,0.187903285,0.122165762,0.135694325,0.151658848,0.152881727,0.084364429,0.109586485,0.127778038,0.132013932,0.82558763,0.803793013,0.703756332,0.600414336,0.563019872,0.63784039,0.566695094,0.603146136,0.642741919,0.620167851,0.51043582,0.44798848,0.392004251,0.623222768,0.5625875,0.628054857,0.685406506,0.635592043,0.578175843,0.618857205,0.666281283
right_click,0.13655965,0.182977214,0.219486117,0.219103783,0.178086177,0.186829671,0.200234368,0.193190932,0.181230411,0.14419499,0.153834552,0.161903322,0.164630011,0.103824764,0.126497403,0.148288488,0.160189122,0.073408507,0.116324879,0.137604088,0.148612633,1.016741276,0.991967797,0.898109376,0.825450599,0.803773224,0.831491172,0.778396785,0.809078634,0.840188682,0.816914856,0.706919491,0.634911776,0.578178287,0.825257182,0.752406299,0.824572265,0.881072819,0.851271152,0.850094616,0.913351059,0.95850873
right_click,0.132789746,0.184598908,0.221381366,0.230606407,0.191140935,0.188457415,0.209952384,0.201495454,0.181639358,0.147339076,0.162846297,0.168462306,0.168332785,0.105864555,0.132934958,0.152533874,0.159586817,0.074034952,0.118861958,0.144447371,0.154846057,1.056382298,1.024704099,0.927581549,0.849056482,0.825285494,0.856281877,0.796439588,0.839074433,0.878858626,0.842621267,0.732961535,0.660347342,0.59789896,0.854271829,0.780092895,0.855418146,0.911454201,0.88350141,0.877404451,0.942844987,0.988316059
right_click,0.12185806,0.190327719,0.240962565,0.253296733,0.21369341,0.190052554,0.214651734,0.215487897,0.202577993,0.141844168,0.150160745,0.160340086,0.164505661,0.097660601,0.136275187,0.171072364,0.188160449,0.065899283,0.133891091,0.160681352,0.171529412,1.000333309,0.967497945,0.848443806,0.748579264,0.702683747,0.776974142,0.703838825,0.734869301,0.773968995,0.757493138,0.652756035,0.588169932,0.534188211,0.76049614,0.666727066,0.743242979,0.80563736,0.781938493,0.765698612,0.833465576,0.883852243
right_click,0.134026378,0.198805332,0.248482332,0.262666881,0.220278099,0.198784322,0.224652827,0.220270216,0.199601352,0.148053646,0.162701249,0.174394652,0.177147239,0.101465099,0.1459613,0.174072832,0.183800191,0.069699191,0.144603491,0.170903981,0.179407626,1.003773689,0.977602601,0.85742408,0.758492589,0.71479404,0.781160235,0.716353774,0.760322452,0.806672752,0.759724319,0.63162142,0.548459768,0.481830388,0.761196196,0.677028894,0.761123955,0.826018989,0.782869756,0.78368628,0.857319891,0.907942653
right_click,0.140515894,0.209602788,0.257072598,0.271302402,0.226180732,0.201212466,0.226115644,0.228151888,0.212296575,0.152454153,0.168699026,0.180471793,0.180793405,0.107085511,0.153871596,0.184279948,0.194610626,0.075496286,0.151211873,0.17919068,0.188703269,1.014320374,0.978264213,0.853029609,0.755133212,0.72615248,0.773782909,0.706068933,0.756966949,0.80870837,0.757876277,0.631228924,0.546720862,0.475717515,0.76403451,0.682269454,0.765486956,0.827367842,0.787590861,0.785743475,0.860721231,0.912460566
left_click,0.146235257,0.231101915,0.294617623,0.325834453,0.296592593,0.252736151,0.280071855,0.277209282,0.265164882,0.20329015,0.225521803,0.243808508,0.258676887,0.152636886,0.202657074,0.230706245,0.245070785,0.109028973,0.179942697,0.200929031,0.212068468,0.927189827,0.863542318,0.742185473,0.629947662,0.559766233,0.661614239,0.581632972,0.600529671,0.634610295,0.634600043,0.523793519,0.460235298,0.407056689,0.624945998,0.521627426,0.593965411,0.667159498,0.6323241,0.609615266,0.688070655,0.756838202
left_click,0.105710916,0.169436574,0.215688229,0.226740032,0.190572441,0.174039453,0.175944269,0.174954832,0.171939418,0.128352568,0.139759362,0.161362961,0.169748038,0.083031736,0.093962833,0.124231428,0.134410992,0.034184486,0.049953938,0.084360786,0.10023611,1.006036997,0.955844283,0.858638287,0.761104226,0.697769761,0.735432506,0.624821305,0.565073609,0.515714049,0.744228959,0.645929813,0.730379462,0.798903108,0.770364106,0.673993707,0.760329485,0.831422031,0.809225202,0.749756217,0.802479565,0.854238212
left_click,0.120402873,0.151795849,0.183189124,0.173277646,0.136366948,0.155171961,0.159666613,0.16565156,0.166531026,0.103073314,0.108371794,0.122651428,0.129351437,0.059130635,0.056488186,0.076293863,0.085429966,0.020918936,0.017226778,0.036483258,0.04650028,1.013838172,0.995743871,0.949635327,0.920379519,0.90151,0.840678632,0.731281161,0.666294098,0.617995322,0.854032099,0.810357988,0.899132788,0.953951597,0.886010289,0.844222307,0.921051025,0.964103818,0.93114692,0.916034818,0.963717878,0.988229156
left_click,0.113380685,0.158199832,0.19466576,0.182339847,0.12950559,0.157625332,0.161708236,0.168466911,0.16877532,0.106007777,0.114319012,0.132183895,0.135951549,0.062835477,0.058242269,0.08363913,0.094635151,0.02261547,0.016091637,0.040847346,0.055136353,1.084045172,1.043493509,0.972065508,0.914308906,0.893298209,0.843981743,0.714106321,0.65397954,0.604514062,0.863233447,0.808584154,0.900343239,0.948644996,0.898044348,0.842573524,0.925465167,0.972328842,0.944977343,0.92438364,0.968865275,0.995871186
left_click,0.157111242,0.202554569,0.236659706,0.236636609,0.193859071,0.153072938,0.149906516,0.149270549,0.147336632,0.109604731,0.126698703,0.165850729,0.184855878,0.067890443,0.084019236,0.130324379,0.150842607,0.023698173,0.045837972,0.092126399,0.116974786,0.991375685,0.895453274,0.777931392,0.680015922,0.635227919,0.684543312,0.598546147,0.538461447,0.481813192,0.698117137,0.604976118,0.67896843,0.740065396,0.72798568,0.639246285,0.716574252,0.780174613,0.777286172,0.711304009,0.754859805,0.802612603
left_click,0.183933467,0.236641496,0.273709297,0.279285729,0.239599228,0.195696667,0.185410991,0.179535896,0.171795011,0.154448181,0.17532903,0.21308741,0.226827621,0.113454416,0.137128755,0.177726015,0.191600561,0.069989868,0.106950611,0.148345873,0.163950577,0.733696818,0.668619752,0.558657646,0.467169732,0.418119729,0.447464377,0.33612448,0.265299678,0.206322491,0.462604254,0.380746573,0.463517368,0.529185534,0.492378801,0.406629145,0.493414313,0.561589956,0.538328052,0.481632888,0.53474158,0.58431673
left_click,0.188931778,0.239897087,0.268189192,0.265125334,0.227205455,0.195695832,0.202631503,0.215443313,0.214602694,0.154969066,0.168126881,0.189916804,0.196995676,0.112341471,0.131707132,0.160534233,0.171791583,0.070691727,0.103569366,0.134150252,0.147155985,0.850425243,0.726226747,0.608169913,0.509999871,0.444658846,0.537586033,0.45675531,0.490745753,0.534024239,0.547042012,0.454505533,0.496059,0.540465415,0.566112041,0.472654969,0.523726046,0.572511613,0.601088464,0.523956537,0.564100027,0.605023503
left_click,0.177969053,0.233154312,0.268253624,0.276604295,0.239684328,0.190242052,0.180583641,0.175787047,0.168581799,0.148456246,0.175265968,0.210608095,0.220693052,0.10637676,0.133573085,0.171147466,0.18267256,0.062495269,0.101457983,0.139164403,0.150865242,0.772838056,0.684090495,0.576542795,0.483679354,0.434846103,0.469959617,0.353570491,0.279809922,0.213642418,0.482098579,0.396818459,0.476921082,0.545691967,0.509316564,0.42216751,0.508160353,0.578097522,0.554846764,0.49615261,0.54714179,0.596737504
left_click,0.178198159,0.232872009,0.265890628,0.274930894,0.241724133,0.188589454,0.179334462,0.174625739,0.166238382,0.149619147,0.173757702,0.209160954,0.220137089,0.109093159,0.136719644,0.17376931,0.184791178,0.065397292,0.104927972,0.141713843,0.153913304,0.758109808,0.683986306,0.579729617,0.490032166,0.43484053,0.469396412,0.34880805,0.281012446,0.222235948,0.482896268,0.401303768,0.481337637,0.546510577,0.511106133,0.424323797,0.510703623,0.579406798,0.555138469,0.499292791,0.550221384,0.599681497
left_click,0.176840305,0.229820222,0.261751086,0.271114022,0.237025604,0.185771897,0.177811801,0.172257721,0.163202077,0.144153759,0.170428187,0.205662876,0.215975672,0.102425605,0.131752789,0.170047328,0.181784168,0.059499234,0.1003443,0.141315594,0.157079786,0.758312225,0.685776591,0.579315186,0.487845391,0.434778839,0.468491822,0.3512941,0.283889771,0.224988401,0.482132971,0.403368324,0.486525685,0.552783906,0.510975957,0.431255251,0.517275214,0.583493948,0.556124926,0.50536567,0.55509603,0.600812376
left_click,0.171914831,0.224211276,0.255821645,0.264976412,0.231316388,0.177779675,0.169797093,0.164763212,0.156209856,0.136890218,0.162211135,0.198190361,0.209715217,0.095784836,0.125405982,0.163449377,0.174844787,0.053510003,0.095472477,0.13471283,0.148667172,0.753415167,0.684890747,0.579019427,0.489281207,0.435720116,0.465635121,0.348148942,0.281203508,0.223471105,0.479743242,0.399664938,0.48198849,0.549816728,0.509558141,0.427821875,0.51466763,0.582338512,0.555480242,0.502291083,0.553514063,0.601265311
left_click,0.173243955,0.225315064,0.258382827,0.265547305,0.230661809,0.179941833,0.170019463,0.16420725,0.15561226,0.1381419,0.164342776,0.201507881,0.212682784,0.09733367,0.125866041,0.16413343,0.175346375,0.055527717,0.095577471,0.134475484,0.147179693,0.753922462,0.682380199,0.574014306,0.484000146,0.43352595,0.464795679,0.346601635,0.279128164,0.220913649,0.479358673,0.39723748,0.477959514,0.545084774,0.50957936,0.426635981,0.512037277,0.579200804,0.555949211,0.502042294,0.552050233,0.599782109
left_click,0.169053778,0.220741645,0.251256704,0.260994077,0.22695303,0.174794629,0.16454576,0.158560842,0.149120256,0.134028763,0.160413593,0.197335184,0.207797945,0.09314844,0.121940859,0.160918653,0.171533346,0.050966077,0.090611577,0.129782587,0.142189324,0.755879104,0.681553602,0.576477885,0.485964805,0.432225019,0.467559487,0.350539893,0.282907426,0.224353939,0.481443852,0.402141154,0.485890388,0.553045869,0.510718644,0.429924726,0.515763164,0.581834733,0.556456268,0.503208578,0.552564144,0.598049283
left_click,0.17236878,0.229591399,0.254166991,0.227188721,0.195851803,0.194576338,0.183339238,0.178166032,0.172106057,0.15428488,0.183653399,0.217481986,0.228831023,0.115959346,0.150953814,0.18310903,0.190807596,0.075924918,0.119071752,0.151407316,0.15872103,0.751909137,0.679361582,0.579186261,0.513734877,0.476619005,0.472495139,0.354201645,0.287771285,0.224978328,0.483909696,0.41385752,0.495108396,0.565028608,0.504837751,0.440806866,0.52681452,0.596318424,0.538406789,0.487299591,0.542811155,0.595077693
left_click,0.164074868,0.222432494,0.250934064,0.228171527,0.201238096,0.187890008,0.176534727,0.17009446,0.161665037,0.146346346,0.176613897,0.20871675,0.216605127,0.107013024,0.140557021,0.172785461,0.179962873,0.066014796,0.108024254,0.139937967,0.147206277,0.752875328,0.683302581,0.579077363,0.505485177,0.452837676,0.475574195,0.356864929,0.288905472,0.227583349,0.486507863,0.41674602,0.500074804,0.570593417,0.507864296,0.441058934,0.52970612,0.599089801,0.543335319,0.493605793,0.548853934,0.599200189
left_click,0.159189925,0.218671411,0.244821042,0.221017092,0.194697648,0.181961805,0.169319212,0.163643464,0.156264618,0.14194338,0.172874942,0.205488235,0.213163495,0.103010938,0.134973228,0.168537736,0.176561341,0.061442375,0.102693312,0.135985658,0.144233376,0.755313873,0.683662415,0.580206871,0.506634712,0.455656201,0.480681688,0.36129421,0.29260993,0.231591344,0.491342366,0.420910239,0.502528727,0.57238996,0.512127697,0.441509306,0.527607858,0.597206712,0.547473252,0.496725619,0.54968375,0.599187136
left_click,0.158346325,0.218638927,0.26317209,0.27137211,0.226542562,0.18491599,0.175426349,0.169249192,0.161543876,0.143698916,0.179014117,0.206111908,0.210194826,0.10516227,0.151378334,0.174437016,0.174709111,0.065973468,0.117768779,0.139452264,0.136551052,0.757335305,0.696359158,0.5987432,0.510055244,0.476245075,0.481993943,0.364079893,0.298375487,0.23678121,0.493254274,0.429475695,0.523187339,0.593227923,0.515297651,0.462299675,0.559050798,0.625485837,0.548033834,0.502564549,0.56631279,0.617265224
left_click,0.156488329,0.216428578,0.257608384,0.267187595,0.222002625,0.181963354,0.174565524,0.169012085,0.160799652,0.140564993,0.177582607,0.207089826,0.210479319,0.1015983,0.145769522,0.173378751,0.173578024,0.061836295,0.113659203,0.140936419,0.140762031,0.756339252,0.701638103,0.602315724,0.511344016,0.471909434,0.482978642,0.365952194,0.298898637,0.237435281,0.495517671,0.430197239,0.524914443,0.593911409,0.519160688,0.459757209,0.557865322,0.622997403,0.554654479,0.511119843,0.575258911,0.623104036
left_click,0.154275253,0.212676451,0.253447235,0.262782037,0.217473313,0.175372556,0.168079749,0.162651286,0.155073673,0.135193005,0.172015339,0.20194611,0.20665814,0.096790925,0.139880836,0.167821854,0.169779107,0.057650998,0.106954381,0.133723766,0.134545058,0.759722352,0.702269793,0.601172149,0.510757148,0.472697765,0.485004127,0.368390858,0.301755369,0.240682364,0.49729836,0.433637381,0.527566195,0.597151995,0.520936549,0.460235745,0.5570755,0.623262405,0.55668819,0.509353638,0.571546614,0.620082438
left_click,0.149100423,0.206285805,0.244539559,0.253970981,0.21121642,0.165531978,0.158873051,0.153342098,0.145705119,0.126100332,0.16173704,0.192250371,0.198955238,0.08802484,0.131013691,0.157947645,0.160242632,0.048862033,0.09796612,0.123917796,0.124744534,0.755408704,0.69658047,0.596056938,0.506749094,0.467281342,0.481816292,0.364368349,0.299535304,0.238690406,0.493745267,0.430011123,0.521890938,0.591187894,0.51627624,0.459668308,0.554774284,0.619989395,0.550528586,0.503798425,0.564924359,0.613848805
left_click,0.149126276,0.207961395,0.248797953,0.258836389,0.216028392,0.170102179,0.161113426,0.154943854,0.146394968,0.130386025,0.164731756,0.19400841,0.198482201,0.09184055,0.133392274,0.160262436,0.161399335,0.051299639,0.099349856,0.125093952,0.124027543,0.761473179,0.70008111,0.601396918,0.511574566,0.470310509,0.486046612,0.367943347,0.30028522,0.23933211,0.498891324,0.430521548,0.526166499,0.596911073,0.523314357,0.460817039,0.558235526,0.624493837,0.559678257,0.511280715,0.57131654,0.618243039
left_click,0.148441002,0.206933692,0.246976197,0.256761104,0.213100761,0.168312863,0.158684164,0.151338533,0.141584009,0.128631875,0.1622504,0.193184242,0.199058041,0.090173796,0.130262494,0.159297869,0.162505776,0.050234444,0.096207254,0.125018463,0.128133357,0.760578811,0.702684045,0.601329565,0.510803282,0.471372962,0.48544094,0.368029565,0.302714765,0.242275804,0.499062419,0.432936013,0.526895821,0.597396374,0.524221659,0.463278532,0.558018744,0.623818398,0.561017334,0.511783242,0.572897792,0.622555435
left_click,0.153029218,0.211932197,0.252918392,0.261028081,0.217334941,0.1732907,0.162527785,0.154071569,0.144703507,0.133690208,0.166695818,0.194503427,0.201281518,0.09527614,0.135436684,0.161612004,0.166122571,0.054947399,0.099690974,0.125641301,0.128138572,0.755098164,0.694800794,0.593352318,0.503912449,0.464115024,0.480226725,0.361740768,0.298653871,0.239116102,0.494092822,0.424943686,0.520457029,0.592349231,0.519070208,0.459209561,0.554397523,0.620295465,0.554362416,0.50360924,0.56214416,0.61054492
left_click,0.149512663,0.20814842,0.249556676,0.260288686,0.216549635,0.171916142,0.160454363,0.153036386,0.143441677,0.132723123,0.169388399,0.200575769,0.204471827,0.094568059,0.137735456,0.167036727,0.167933658,0.05461207,0.102973618,0.131120682,0.131024539,0.76432997,0.703237295,0.606191933,0.516059935,0.475052625,0.488767117,0.371558368,0.30335921,0.241079628,0.501636684,0.432878762,0.528704524,0.598428249,0.525078773,0.463719964,0.56175971,0.628391266,0.560281873,0.510237873,0.57275039,0.622683644
left_click,0.152404666,0.212126985,0.253000498,0.262838125,0.21927543,0.171170071,0.161575094,0.154912487,0.146175981,0.131384224,0.167609379,0.198879048,0.20345737,0.093159199,0.136534527,0.165027976,0.165655971,0.05339139,0.10264571,0.129700243,0.128409997,0.764587224,0.704235792,0.604421973,0.514197648,0.473418981,0.488551319,0.371374547,0.304856211,0.243314236,0.501980662,0.43256858,0.530447364,0.60214138,0.527125001,0.466704607,0.564764678,0.629379094,0.564123988,0.515838921,0.576527953,0.622494459
left_click,0.155313626,0.21333012,0.254984736,0.265249819,0.222796693,0.173951939,0.16339007,0.156065896,0.146768644,0.133582711,0.171769202,0.201148331,0.20479551,0.094726466,0.139550433,0.166072175,0.166420341,0.054348573,0.103367418,0.129713118,0.128611594,0.759814143,0.70045203,0.601348817,0.512646496,0.471727371,0.484907955,0.36531949,0.30057773,0.23982501,0.498755455,0.431790084,0.528897524,0.599350035,0.523591399,0.46543473,0.561947644,0.625109255,0.559252799,0.509620845,0.570090353,0.616467535
left_click,0.170609638,0.23413299,0.240519702,0.234781533,0.227877527,0.144401267,0.14782685,0.146849856,0.139930502,0.117389828,0.218565285,0.252270371,0.241476566,0.109199345,0.217419326,0.234950572,0.211799055,0.113764934,0.208181307,0.219881445,0.195406049,0.787987351,0.694109738,0.600702524,0.533259809,0.475736797,0.500703692,0.398962647,0.323958784,0.260861099,0.510324597,0.443627,0.524284899,0.578508854,0.526476204,0.487730354,0.568698287,0.61004889,0.550175369,0.527971745,0.588569701,0.62302953
left_click,0.172793284,0.238369018,0.244450554,0.236781791,0.229384392,0.137576312,0.149268448,0.152079448,0.148518458,0.115201563,0.221872464,0.253906399,0.240946591,0.111543424,0.224902451,0.241944164,0.218572915,0.1207093,0.215460598,0.22788012,0.204293668,0.784871399,0.689642906,0.595696986,0.532533705,0.479749203,0.495823175,0.392273962,0.316707611,0.253197163,0.502890825,0.443797946,0.524763584,0.579559147,0.521738589,0.483149111,0.564807117,0.609630823,0.549298108,0.522577524,0.582959056,0.620027065
left_click,0.170260161,0.237504631,0.24255082,0.233086213,0.224333316,0.137057379,0.144848883,0.145466328,0.140776843,0.115225166,0.219709486,0.249770433,0.235131621,0.109990135,0.220590979,0.237363771,0.214959085,0.116767645,0.209932774,0.222099721,0.199791238,0.786744952,0.690354288,0.598996758,0.538729191,0.490314156,0.501529157,0.397623777,0.322970718,0.260186613,0.511417568,0.44771865,0.529641211,0.581860781,0.527846515,0.486751109,0.569595516,0.610979199,0.551872909,0.527825832,0.590397835,0.624193668
left_click,0.143311918,0.08600007,0.061135523,0.095174648,0.147885069,0.05718714,0.074584469,0.082681969,0.088341549,0.098163858,0.16995576,0.17978099,0.165324107,0.153341785,0.212218449,0.211119443,0.194585025,0.207321331,0.246234059,0.239776134,0.224664718,0.756298423,0.687349141,0.592653096,0.521642208,0.517155468,0.516361594,0.377163172,0.294014007,0.230157048,0.506126702,0.457124382,0.508914649,0.543659985,0.518419862,0.494546443,0.540573776,0.570686758,0.535464764,0.531237066,0.576646805,0.601618886
left_click,0.137639403,0.084565029,0.063378438,0.095008954,0.142356798,0.054685302,0.074676313,0.083465807,0.08785636,0.094024256,0.166575029,0.176010966,0.160422474,0.147469476,0.20768559,0.206129059,0.189068154,0.198745102,0.241432667,0.235967487,0.221598297,0.756564021,0.683626652,0.588342488,0.519179881,0.505118489,0.513160288,0.373265147,0.289588779,0.225414217,0.504955769,0.451415211,0.504392982,0.54118681,0.516623139,0.492144376,0.538488984,0.570115268,0.534088254,0.52817291,0.574232817,0.601329803
left_click,0.135045543,0.082640961,0.060524225,0.094440863,0.144773036,0.051697098,0.071228229,0.079226486,0.082697615,0.092064321,0.163219914,0.17243439,0.155970812,0.146451369,0.205447465,0.202883929,0.184585974,0.19800286,0.238492966,0.232192576,0.217190191,0.75810796,0.687570691,0.590220928,0.519073665,0.508148372,0.521323144,0.378587902,0.294162869,0.229572266,0.510769129,0.454103649,0.507796049,0.543743551,0.519549549,0.494119078,0.541047037,0.572299182,0.534213781,0.530587196,0.577031612,0.603204966
left_click,0.132944494,0.081919849,0.060170293,0.09207686,0.13894707,0.048392065,0.067070208,0.074478202,0.077295601,0.087044485,0.159545273,0.170267418,0.154647812,0.140387014,0.201212972,0.200354204,0.182955369,0.192002788,0.235157609,0.229701579,0.214684948,0.761031866,0.689984798,0.593343973,0.522085309,0.508070409,0.521728694,0.382447839,0.299648583,0.236729324,0.512323439,0.453630686,0.507347345,0.543364286,0.521718442,0.493753701,0.540608943,0.57236886,0.536917269,0.53058064,0.577389657,0.604069114
left_click,0.157919586,0.22759822,0.264585197,0.268335998,0.23313871,0.187417895,0.1770657,0.171284392,0.160688668,0.145372182,0.168992043,0.197548077,0.199873298,0.103645533,0.133247122,0.162236571,0.162204161,0.058824182,0.096653953,0.124127142,0.124181263,0.789737761,0.728459835,0.618997276,0.532712221,0.502704084,0.511216104,0.390528917,0.320929468,0.258324116,0.525443494,0.455671489,0.551060617,0.617385387,0.552239776,0.485884547,0.583405852,0.644982457,0.59101522,0.533786714,0.595798612,0.639684737
left_click,0.157803223,0.221408576,0.25620082,0.260711789,0.235988617,0.182369232,0.171504214,0.16596061,0.156867281,0.141840041,0.175749466,0.20478116,0.206276536,0.102132067,0.141531587,0.167299047,0.163522512,0.06046769,0.106229417,0.132171884,0.129159316,0.790406704,0.729488611,0.630996704,0.553548157,0.504298747,0.512695372,0.392020643,0.323613882,0.262342542,0.527222097,0.456299484,0.551069677,0.615820289,0.550627232,0.489908546,0.588795781,0.646102309,0.585795939,0.535753548,0.599547803,0.642072082
left_click,0.157239482,0.221290588,0.254275084,0.224897444,0.189217627,0.187867627,0.174740732,0.168131992,0.160443008,0.144313008,0.17067802,0.195881724,0.199555218,0.104364529,0.136700869,0.161427677,0.162766725,0.062661014,0.102470368,0.128458858,0.129819348,0.785415828,0.718361914,0.611780107,0.537848413,0.489873171,0.507290602,0.390055299,0.321400523,0.2596367,0.520789146,0.45498383,0.545761406,0.614376187,0.543592036,0.483423173,0.579368711,0.643135011,0.578903437,0.529940069,0.593233466,0.638959885
left_click,0.152104408,0.215691596,0.248505428,0.220611528,0.18704322,0.183141395,0.169782847,0.163443834,0.155111477,0.14139986,0.169860557,0.196641624,0.198473215,0.101590946,0.133524314,0.160203815,0.160605714,0.059038728,0.100533046,0.126765192,0.12536034,0.786929131,0.719914138,0.614530861,0.540506661,0.490298808,0.512882113,0.395436853,0.326404274,0.265292287,0.52545166,0.457656771,0.546109438,0.6141541,0.547361374,0.479702353,0.576349914,0.642294645,0.582765043,0.534125268,0.596387267,0.641732275
left_click,0.151070133,0.213482276,0.24569732,0.218064308,0.184704572,0.180652931,0.166960537,0.160238221,0.151549757,0.138312265,0.165923491,0.193291947,0.196141347,0.09875375,0.131176844,0.157664254,0.157726452,0.056959212,0.098817274,0.124117203,0.121593341,0.785106778,0.719534516,0.611485898,0.536751151,0.486380816,0.509496629,0.394559622,0.327228665,0.26725179,0.523222327,0.455386519,0.545779884,0.612871528,0.546620131,0.482493967,0.580137551,0.64290601,0.583160341,0.535082281,0.597666085,0.640259027
left_click,0.150581002,0.211971477,0.245008111,0.220926434,0.186914816,0.179192916,0.16552183,0.159203038,0.151461929,0.137630463,0.164915681,0.191550046,0.194727257,0.098661765,0.130272299,0.156280622,0.157739282,0.057230115,0.095406488,0.120866686,0.120638028,0.785406232,0.718201518,0.613338947,0.538980901,0.489540488,0.509032309,0.393227994,0.325259566,0.26491788,0.522222221,0.452222705,0.541585267,0.610591292,0.545580089,0.481276095,0.576464295,0.641099691,0.582282841,0.531654537,0.592651725,0.638724208
no_click,0.023604915,0.099450275,0.160148323,0.18584235,0.18323949,0.152441055,0.176047772,0.150988325,0.123481989,0.115665391,0.12594685,0.100492224,0.074140318,0.081628852,0.087780863,0.06975472,0.050456822,0.050182141,0.057243861,0.044054344,0.032716408,0.729657412,0.710027933,0.633594453,0.551947653,0.496528924,0.584602892,0.515943766,0.519771338,0.547143519,0.558378577,0.49889034,0.52575922,0.567672253,0.541842461,0.49641946,0.536965907,0.58477211,0.531625152,0.50085336,0.529033482,0.565321147
no_click,0.225718468,0.278681576,0.300454706,0.280054867,0.236804098,0.265798092,0.283277154,0.294055969,0.299254775,0.228004932,0.225362375,0.23152107,0.229557455,0.191996083,0.212668434,0.235118166,0.235399574,0.160570636,0.195324212,0.219755664,0.222410262,0.948456585,0.897420585,0.794543147,0.714435875,0.672977149,0.718835652,0.61557889,0.559403539,0.512996018,0.716637611,0.592182159,0.525802732,0.474285424,0.735136271,0.658704817,0.728353977,0.780840039,0.765471995,0.711814165,0.762719214,0.809282601
no_click,0.183941722,0.2391994,0.263652593,0.244275957,0.199242279,0.22442472,0.244420946,0.254598737,0.260449558,0.182638884,0.177797496,0.179076165,0.174742252,0.144521505,0.165443704,0.195811957,0.206069916,0.110521168,0.144382656,0.174459696,0.185870439,1.003466845,0.94593215,0.84409821,0.762987494,0.719710767,0.761464238,0.652155757,0.595945537,0.547602892,0.761407971,0.63389343,0.5641644,0.511370301,0.782954037,0.703964293,0.775520623,0.833160758,0.81733799,0.764228284,0.814296007,0.861749053
no_click,0.190806136,0.245186746,0.270799547,0.252105594,0.204254568,0.229022413,0.250176072,0.262154758,0.268185675,0.187443227,0.183714017,0.186464965,0.182912111,0.148287043,0.174003899,0.202152014,0.209029198,0.115206383,0.156260118,0.185334876,0.192752823,1.009768009,0.956086755,0.850265265,0.767981529,0.732121646,0.76584959,0.660265088,0.604906559,0.557563245,0.762172103,0.633224189,0.563248396,0.50886488,0.782208264,0.709611297,0.78507942,0.840704918,0.816549659,0.772464037,0.828568578,0.876560926
no_click,0.18318899,0.237557232,0.260769039,0.243937165,0.197408438,0.220471367,0.243927762,0.257951528,0.265057951,0.179450303,0.175255135,0.178238019,0.173832804,0.14071238,0.16443117,0.191688031,0.19609274,0.107637934,0.144794703,0.175499737,0.183054253,1.008119702,0.951215506,0.849220395,0.767074883,0.728335559,0.764962792,0.656918466,0.601964951,0.554222643,0.762644649,0.632538915,0.562974393,0.507815242,0.784172714,0.708904088,0.783485174,0.838738024,0.820315957,0.769148707,0.822090805,0.869490981
no_click,0.184375301,0.236108944,0.260202765,0.242735341,0.197386324,0.220541507,0.2454032,0.260008991,0.268634588,0.178263038,0.173687115,0.176267743,0.17280601,0.13842997,0.165626287,0.194053173,0.200272292,0.105052821,0.145047635,0.17561017,0.184276417,1.018926859,0.96239531,0.859742701,0.779131413,0.737229824,0.771619439,0.66412425,0.60844326,0.560437977,0.769747794,0.637620091,0.56697768,0.512156248,0.792693079,0.717883646,0.793363333,0.849252224,0.829958856,0.780479431,0.835801303,0.884736061
no_click,0.151593029,0.224506631,0.268085182,0.254326284,0.210351035,0.260059655,0.311467975,0.341682434,0.363951236,0.210014597,0.231540799,0.250236988,0.258954823,0.158087373,0.186609909,0.201162294,0.196542725,0.108570568,0.151049525,0.170551911,0.169310182,0.837110877,0.800537944,0.685905933,0.583564878,0.52057755,0.577606022,0.474076957,0.413755298,0.363527596,0.557810783,0.415429533,0.3379969,0.274431467,0.566814244,0.48989737,0.580726266,0.646649301,0.593788683,0.56198889,0.634093046,0.689547777
no_click,0.142417699,0.220740259,0.2701478,0.250800729,0.205367669,0.252061427,0.288514704,0.313730717,0.336886138,0.20280841,0.216594458,0.226813167,0.237927496,0.151342899,0.181131855,0.198065132,0.201904029,0.100739181,0.143728644,0.164801791,0.169348821,0.908279657,0.820722997,0.708099961,0.599349797,0.534788251,0.638755798,0.533462167,0.470542967,0.409557045,0.619306266,0.511026978,0.451948971,0.396391481,0.61707896,0.532238305,0.60150373,0.66314435,0.63019681,0.572444797,0.63151443,0.689837039
no_click,0.150343418,0.220379278,0.265394747,0.257579207,0.214144126,0.255922854,0.307163388,0.337852478,0.360436738,0.205297545,0.225841194,0.24205339,0.24942781,0.153207794,0.184752509,0.20196481,0.200915664,0.104461521,0.153277636,0.175968006,0.177005902,0.880134642,0.840695739,0.733669639,0.634398997,0.569844723,0.610912204,0.506425142,0.443791091,0.391969681,0.593135536,0.449720681,0.368319452,0.302816719,0.605444074,0.534995615,0.623212755,0.687946916,0.637081623,0.607266366,0.680422008,0.737510026
no_click,0.165427506,0.229382545,0.266655415,0.247033507,0.199909717,0.254616022,0.291225821,0.309292883,0.323972464,0.203068554,0.219116375,0.231519133,0.237475976,0.153481007,0.173130259,0.190971002,0.196857527,0.108387657,0.136458024,0.162364468,0.172678441,1.011096716,0.974219084,0.895633101,0.824514151,0.781212807,0.740689278,0.621248841,0.566581786,0.516051054,0.72939992,0.58355093,0.517351806,0.468015611,0.755662262,0.660822392,0.75194335,0.821970463,0.808222294,0.769003093,0.832858682,0.886174083
no_click,0.15043065,0.214549422,0.254822969,0.240248397,0.192778319,0.236773267,0.273696333,0.294030994,0.308838993,0.184817255,0.192032874,0.200946838,0.203686833,0.134498715,0.157858282,0.183244884,0.190493047,0.09048111,0.13000603,0.158317834,0.166932106,1.041293263,0.99618423,0.908432484,0.832691312,0.786261022,0.757594883,0.642507792,0.579657912,0.524318159,0.74878031,0.604692936,0.530149639,0.470570773,0.77314198,0.675043643,0.759593546,0.826346517,0.821811974,0.78769505,0.852382898,0.906391978
no_click,0.154987678,0.22118333,0.263504088,0.249453723,0.203033283,0.239311621,0.27608341,0.296450257,0.310667396,0.188297659,0.198685527,0.20764786,0.209576249,0.139300853,0.163590267,0.190146595,0.199351236,0.09817078,0.139929473,0.17060715,0.180720538,1.040763617,0.996077895,0.902224958,0.82827425,0.787580252,0.752904594,0.643094957,0.578642309,0.522449136,0.747273266,0.607986569,0.529093266,0.466186821,0.773489773,0.686847687,0.769468963,0.835802257,0.821599483,0.788758636,0.851979494,0.906547725
no_click,0.142925546,0.208675012,0.252361566,0.242309809,0.196390375,0.223616943,0.261940986,0.283441246,0.300206602,0.173004046,0.182036757,0.190434024,0.1932448,0.125452042,0.158108741,0.182177544,0.18798691,0.085393749,0.131268799,0.160812184,0.17144981,1.050002337,1.001819849,0.907195866,0.82999891,0.794671714,0.765560091,0.652121127,0.587346017,0.532155514,0.759248793,0.622183323,0.539674997,0.474390656,0.783008873,0.723114133,0.810140729,0.876463056,0.827267468,0.808870673,0.869044006,0.918859005
no_click,0.141527608,0.204423562,0.249902815,0.239030585,0.192261517,0.217551857,0.254166603,0.274417669,0.290354282,0.166444898,0.173114881,0.180270895,0.182187811,0.119602963,0.152582198,0.177868232,0.18412137,0.080149844,0.126263082,0.157123819,0.1672685,1.055511594,1.009724379,0.914856076,0.838676572,0.800175607,0.769687951,0.656923115,0.590786874,0.534228444,0.765237272,0.625606775,0.542707324,0.478607029,0.790842414,0.730273008,0.815606534,0.88174057,0.836537719,0.813125551,0.875713885,0.929287374
no_click,0.123697907,0.182973102,0.218224287,0.186458975,0.134097427,0.195250809,0.223488867,0.239525676,0.251331508,0.145799518,0.151029304,0.156326935,0.157357678,0.099403456,0.118063554,0.139372259,0.143795356,0.056712329,0.08066956,0.107353047,0.116513453,1.043220282,0.983763456,0.887121856,0.815816402,0.782453418,0.748596072,0.638879359,0.572452486,0.516914904,0.753051639,0.619831145,0.538828731,0.475523472,0.787102818,0.730757594,0.803911865,0.859021783,0.83859396,0.79602778,0.848232031,0.895146668
no_click,0.123867109,0.187970206,0.217950344,0.191259116,0.145077333,0.191245362,0.2013551,0.201944605,0.199844569,0.143419817,0.151922956,0.157936797,0.159941167,0.096512139,0.112400815,0.134991854,0.143026888,0.052500613,0.079551414,0.110345013,0.124856606,1.063174963,1.004540563,0.911679983,0.844446659,0.804687142,0.768352985,0.65375185,0.582810044,0.523306012,0.772469163,0.641320169,0.557732463,0.492568791,0.804891884,0.743081391,0.821841896,0.884090841,0.856211662,0.812793195,0.866501451,0.918206513
no_click,0.090337217,0.153216571,0.190468341,0.159644306,0.107055694,0.164649367,0.172368407,0.171472341,0.168859184,0.117805712,0.12744309,0.134061605,0.13656041,0.072541133,0.094355389,0.112257957,0.115822986,0.028991833,0.059937336,0.083479241,0.090329751,1.051194429,0.994788647,0.898743391,0.828148067,0.791241169,0.761644959,0.647420347,0.577607512,0.516956329,0.767273486,0.636766553,0.553008437,0.485271275,0.798678637,0.734316766,0.80887109,0.867600441,0.848128319,0.807733238,0.864656508,0.916016102
no_click,0.120181851,0.180141822,0.2136136,0.183877409,0.136051327,0.186552525,0.196315408,0.197708756,0.195468515,0.139492124,0.148671076,0.155862674,0.157869235,0.094080091,0.117303617,0.138589785,0.14471747,0.051255494,0.081350654,0.108410299,0.118369818,1.054215074,0.996623278,0.903628647,0.837776363,0.79982847,0.765143394,0.653835058,0.583846748,0.524122834,0.768438697,0.640655696,0.558792293,0.492304593,0.798963368,0.741851568,0.8254444,0.886535227,0.847657681,0.808681667,0.866711915,0.917152822
no_click,0.11646302,0.176080346,0.212480277,0.189852178,0.143020943,0.184070423,0.199438959,0.205761045,0.207637608,0.135924473,0.146999016,0.152967215,0.153918251,0.089015625,0.111592591,0.132642612,0.138992995,0.045643881,0.080963053,0.110585757,0.122742511,1.061193347,1.010336399,0.915393472,0.843392015,0.803086281,0.772100508,0.655949891,0.584675074,0.525252759,0.77348417,0.642392516,0.55814147,0.493375599,0.800901651,0.744648814,0.82169342,0.881507635,0.845495224,0.817370594,0.875795126,0.92647022
no_click,0.119274639,0.181609213,0.217495039,0.190385386,0.142505765,0.188031241,0.208302379,0.216579691,0.219747514,0.139900282,0.150002018,0.156358361,0.158014536,0.093649752,0.119227976,0.141075715,0.147481233,0.051417008,0.08909604,0.117108643,0.126642168,1.066030025,1.013297677,0.913971245,0.840605259,0.803434551,0.77517426,0.660336018,0.587851942,0.528592229,0.775800347,0.644551814,0.558603406,0.493324518,0.80400908,0.75118494,0.826559663,0.884905338,0.849502385,0.821576953,0.875608742,0.922372818
no_click,0.140819892,0.197658136,0.23636508,0.210385367,0.162183985,0.207853794,0.230127543,0.241826296,0.250070274,0.158892736,0.164973333,0.170989841,0.174120262,0.113757081,0.144121081,0.163733944,0.167577565,0.07366173,0.109702118,0.138536155,0.149943024,1.058598638,1.005497217,0.913720667,0.844239593,0.807204664,0.770251334,0.659061313,0.590260327,0.532178342,0.771051168,0.638255,0.557698786,0.494118363,0.799204648,0.754330456,0.83311671,0.892097592,0.84560734,0.822582662,0.880903542,0.930756688
no_click,0.132401973,0.191816479,0.231850296,0.207486242,0.157338411,0.202984989,0.229690433,0.244222045,0.254382193,0.153506815,0.161914319,0.168348953,0.169947281,0.107383087,0.135509521,0.156384677,0.16029118,0.066384785,0.105107516,0.133518219,0.142462045,1.057087064,1.005149603,0.909442902,0.838549614,0.805004239,0.768493414,0.657011867,0.589732528,0.533652902,0.769069076,0.637745976,0.557432652,0.495134115,0.797140181,0.749503016,0.828341603,0.886140466,0.842585325,0.817830026,0.877678394,0.92729646
no_click,0.119801722,0.177094653,0.211587936,0.185839042,0.138534606,0.183179244,0.200468034,0.207292393,0.211233407,0.135287926,0.142407492,0.148831278,0.150984272,0.089455232,0.113357261,0.137466937,0.144884422,0.047833279,0.084224649,0.115274429,0.128525198,1.066812515,1.01285851,0.915455103,0.84131515,0.801057398,0.777757585,0.65891552,0.587960362,0.528101087,0.779795229,0.64424628,0.560631871,0.494950771,0.807556212,0.749536753,0.825211406,0.88501668,0.852733254,0.825363398,0.881497264,0.931142271
no_click,0.112926774,0.175802961,0.21148178,0.181930155,0.134266004,0.179328635,0.188819349,0.18885231,0.184633076,0.130980313,0.142706335,0.149717048,0.151383892,0.084727839,0.109000914,0.131138682,0.137779847,0.041739829,0.076713726,0.107308008,0.120228946,1.061510563,1.002981424,0.907073379,0.839003742,0.80133456,0.76676631,0.654060364,0.582071245,0.522118628,0.770104587,0.64040947,0.557271481,0.492852658,0.799983144,0.745563924,0.823407888,0.882381201,0.848087132,0.813570797,0.869468153,0.919317245
no_click,0.110540733,0.171355546,0.208347395,0.180512652,0.130487725,0.175088078,0.183847889,0.182499155,0.177728921,0.126863152,0.137166664,0.143808186,0.145224392,0.080981001,0.10490986,0.126675844,0.132621989,0.039274685,0.077678956,0.108251929,0.121302873,1.066259623,1.010560989,0.9114815,0.840973496,0.809077501,0.774480104,0.662220001,0.592971504,0.532962561,0.775982678,0.648383379,0.566380382,0.50227809,0.803862095,0.749799609,0.824707866,0.882722497,0.849339962,0.823206186,0.880652428,0.931425452
no_click,0.135687351,0.193603486,0.227029219,0.201210409,0.153592363,0.191043168,0.199282229,0.200461507,0.197007135,0.143577725,0.150339961,0.15692088,0.15724121,0.09906771,0.130508199,0.15344663,0.158507839,0.059052832,0.101300552,0.129897758,0.139428765,1.063713431,1.005589485,0.908525944,0.840340555,0.80194664,0.771196246,0.65820682,0.588611662,0.528755665,0.773635924,0.642043233,0.560525179,0.495531529,0.801762283,0.750003517,0.831953824,0.890365183,0.847677827,0.824810207,0.883395851,0.93008548
no_click,0.117050491,0.177692175,0.212651148,0.187535062,0.139966741,0.178061113,0.186895594,0.185952693,0.181093276,0.130484357,0.140595958,0.145985723,0.146202534,0.085042447,0.109269753,0.131348968,0.137897536,0.043884829,0.083008818,0.115069807,0.129679084,1.069278717,1.014096737,0.915930092,0.843417287,0.802149773,0.775242865,0.662014365,0.592490613,0.532704711,0.775476456,0.645456076,0.563165247,0.498709887,0.803160131,0.749404252,0.824712336,0.88184464,0.849280536,0.824391723,0.881207347,0.930528462
no_click,0.13428311,0.195774421,0.234086081,0.212569356,0.165167168,0.197376221,0.209173083,0.210457683,0.207614481,0.150400311,0.15882507,0.166759357,0.169181943,0.106312081,0.139619216,0.161198899,0.16563803,0.067155756,0.109989047,0.137599453,0.146899223,1.06224966,1.010313869,0.917530775,0.842825472,0.798132241,0.776116371,0.661169052,0.591711283,0.530647993,0.775381148,0.642252326,0.559788704,0.492933244,0.801213324,0.744673669,0.826024115,0.885323167,0.845474541,0.820082664,0.87830013,0.926016808
no_click,0.170829475,0.234340996,0.273849756,0.256982982,0.212005362,0.245173156,0.265019447,0.272255957,0.278393716,0.196585342,0.214459062,0.224005014,0.230437547,0.14962776,0.181034103,0.200496733,0.207804382,0.106317475,0.144728258,0.172012955,0.182504252,1.07751441,1.030934095,0.946856022,0.875765383,0.827698588,0.790271223,0.677422106,0.605228603,0.544562459,0.789558172,0.658624947,0.570685148,0.502077997,0.81542623,0.770350218,0.849880755,0.912836909,0.86041522,0.834455013,0.894892573,0.948685586
no_click,0.165468648,0.227606624,0.266918123,0.244486049,0.199179813,0.234217063,0.256577849,0.270452708,0.279217839,0.18824625,0.203956857,0.213428378,0.215704963,0.143068805,0.173849165,0.193972692,0.197325319,0.100751065,0.139937907,0.169142663,0.178841069,1.063292623,1.011173606,0.919856846,0.847365379,0.803218663,0.777297199,0.664670706,0.595903337,0.539186478,0.776710391,0.643349707,0.560377598,0.495657295,0.801494002,0.746558249,0.830710948,0.891080856,0.84495306,0.810961068,0.871343076,0.922876775
no_click,0.155242771,0.218691424,0.259052306,0.244507432,0.199766263,0.228969187,0.257027596,0.271247864,0.280161709,0.18104054,0.195274025,0.204458624,0.20834063,0.135048613,0.164217576,0.185034648,0.190281957,0.094090968,0.132013202,0.161790326,0.174740717,1.073827386,1.02527988,0.935975075,0.864776373,0.825036108,0.784610152,0.672964573,0.605227292,0.547523797,0.782211781,0.652322829,0.570580721,0.509303927,0.807818353,0.767680347,0.843084693,0.903567493,0.852538288,0.831613481,0.888699174,0.942690551
no_click,0.161124527,0.22255823,0.266958535,0.246803045,0.199539155,0.237404242,0.263022989,0.277961105,0.287213027,0.188917294,0.199646115,0.20853664,0.21072562,0.144257471,0.179384738,0.202038899,0.205911785,0.105040036,0.150126502,0.176396102,0.182395831,1.063960791,1.017167807,0.923558652,0.848332584,0.806999624,0.778551459,0.667457342,0.600546837,0.543415546,0.775917053,0.642668068,0.560502887,0.496814787,0.800382018,0.759483337,0.836955607,0.892176032,0.842343867,0.826459944,0.885236979,0.931549191
no_click,0.166100696,0.229183242,0.27512151,0.265473366,0.221685007,0.24961558,0.280379981,0.29485479,0.304728925,0.200064823,0.209005401,0.217112571,0.220545754,0.153807223,0.190916002,0.213905737,0.218857169,0.113593765,0.156745806,0.186188534,0.197315559,1.06970787,1.026922226,0.943678021,0.868795753,0.827021003,0.788211048,0.678865314,0.613859117,0.557909846,0.781980693,0.650443316,0.570253313,0.508922815,0.805162609,0.77430898,0.847624123,0.904666662,0.847687125,0.843444169,0.901062548,0.951141238
no_click,0.165381908,0.22357218,0.263021469,0.243788317,0.198484719,0.234558865,0.267777443,0.286520392,0.29920429,0.187813506,0.197018102,0.203640506,0.203813791,0.143063322,0.174809232,0.194568232,0.195695475,0.103520125,0.143376946,0.169792682,0.176054671,1.06803596,1.018116117,0.924890518,0.851070762,0.80812639,0.785923481,0.673771262,0.608365536,0.553042233,0.784360409,0.646334052,0.566637158,0.503976047,0.809577286,0.755149245,0.837873399,0.896348298,0.851582885,0.820216537,0.882520378,0.933695436
no_click,0.165053204,0.22416687,0.265099406,0.244487792,0.199965045,0.244353294,0.287248909,0.31433472,0.334079504,0.195828021,0.198108628,0.199481666,0.196330488,0.150277331,0.179791868,0.200673893,0.203547806,0.110178195,0.145670891,0.171654552,0.179794818,1.053919077,1.001662493,0.910951853,0.83523941,0.791943133,0.774304926,0.675641358,0.614563584,0.563081384,0.768419325,0.632365942,0.552538395,0.489278167,0.795192897,0.741555929,0.819379508,0.87604332,0.839863777,0.80730617,0.865069926,0.914741755
no_click,0.148842439,0.20925796,0.249564335,0.232881024,0.187307984,0.227594197,0.270500928,0.296421647,0.31545186,0.177592188,0.181958318,0.18645899,0.184755847,0.131297618,0.160313427,0.183736295,0.187968895,0.091666512,0.132199407,0.159221023,0.167255268,1.058310747,1.008961558,0.915804029,0.839623749,0.800129175,0.7814219,0.678566992,0.619345367,0.568477929,0.773670673,0.639441848,0.56103617,0.49865222,0.79765594,0.750796676,0.830293655,0.889211655,0.84047544,0.817428052,0.877986073,0.928973436
no_click,0.172149017,0.229248077,0.270198375,0.247760504,0.202181548,0.247067332,0.287963778,0.313710213,0.333681732,0.196419612,0.198195964,0.200660005,0.199204862,0.150541231,0.182001948,0.203482956,0.207360506,0.111999035,0.151942179,0.178746894,0.188369736,1.042916656,0.991829634,0.901929498,0.82616365,0.784177363,0.766090631,0.667764962,0.607712328,0.556105971,0.759898841,0.626918972,0.547944903,0.484586984,0.784126699,0.737629533,0.815478027,0.872297525,0.826678753,0.810020924,0.871039987,0.920418978
no_click,0.151205003,0.210902452,0.25078094,0.230570078,0.185925782,0.225136861,0.260614574,0.281926036,0.298089206,0.174732372,0.18270871,0.191720992,0.194264635,0.128025398,0.158850774,0.18315123,0.187903062,0.088319428,0.133222178,0.160881788,0.168417186,1.051611423,1.004370332,0.910806656,0.836813986,0.793304026,0.773746073,0.664804578,0.602197528,0.548793435,0.769009054,0.634873688,0.556933761,0.497239828,0.791915178,0.744890928,0.823174,0.881277323,0.83231163,0.820598304,0.881993711,0.930110157
no_click,0.095499046,0.06949085,0.079278581,0.121384263,0.163652509,0.076657541,0.108627237,0.116893612,0.11575488,0.117233157,0.161504179,0.180895939,0.192348287,0.158504441,0.209436461,0.200113609,0.182371542,0.195496514,0.223484606,0.212282017,0.199154973,1.041230202,0.937708378,0.850718558,0.806015551,0.796130121,0.776087105,0.67146033,0.613418698,0.566357255,0.782793462,0.659502804,0.588363349,0.53240943,0.811891615,0.764671385,0.804694891,0.834896743,0.854285538,0.825736403,0.856724799,0.881962359
no_click,0.111085147,0.085171118,0.096591875,0.138677135,0.180306107,0.092489786,0.122039497,0.128723279,0.127610758,0.133544624,0.176030546,0.195481583,0.207942128,0.173925176,0.22212863,0.212052539,0.194314048,0.209151179,0.236294925,0.224514723,0.2108493,1.047730327,0.950656414,0.862889409,0.817150295,0.805656731,0.790711999,0.685572267,0.627403736,0.579358637,0.795736134,0.67381227,0.60123235,0.545198917,0.822945833,0.776657701,0.817043483,0.84894824,0.864450216,0.838858306,0.869898558,0.895525157
no_click,0.114715517,0.090097792,0.10527429,0.150682122,0.192013085,0.096884817,0.1300188,0.137614772,0.13507776,0.13563776,0.182833627,0.205699503,0.219828069,0.175433874,0.226831034,0.218562245,0.201165438,0.211487964,0.242076457,0.230908915,0.217445761,1.045199513,0.948464513,0.862967491,0.818169951,0.807868421,0.794794917,0.687191665,0.630836904,0.584335208,0.803152621,0.67897892,0.609062791,0.554722428,0.831127107,0.786139846,0.824206412,0.852678955,0.871652484,0.844990432,0.874370933,0.897749126
no_click,0.111125007,0.088235177,0.105079837,0.150020182,0.190987527,0.099092469,0.130597994,0.138417244,0.137674615,0.139476091,0.187339932,0.210769534,0.22579886,0.179232135,0.229313716,0.219402939,0.201436073,0.214069694,0.242600948,0.231387481,0.217867836,1.045865059,0.94801116,0.865798831,0.822085381,0.811018884,0.798986614,0.690667748,0.631904006,0.583964229,0.807830215,0.68511343,0.614305854,0.561154842,0.837420344,0.792265892,0.82897532,0.857835054,0.880209625,0.853946984,0.881078959,0.904706955
